name,mask,match,format,unit,alu,rs1,rs2,write,size,unsigned,trap,serial,extension
LUI,0000007f,00000037,U,ALU,PASS,0,0,1,0,0,0,0,I
AUIPC,0000007f,00000017,U,ALU,ADD,0,0,1,0,0,0,0,I
JAL,0000007f,0000006f,J,JUMP,ADD,0,0,1,0,0,0,0,I
JALR,0000707f,00000067,I,JUMP,ADD,1,0,1,0,0,0,0,I
BEQ,0000707f,00000063,B,BRANCH,EQ,1,1,0,0,0,0,0,I
BNE,0000707f,00001063,B,BRANCH,NE,1,1,0,0,0,0,0,I
BLT,0000707f,00004063,B,BRANCH,LT,1,1,0,0,0,0,0,I
BGE,0000707f,00005063,B,BRANCH,GE,1,1,0,0,0,0,0,I
BLTU,0000707f,00006063,B,BRANCH,LTU,1,1,0,0,0,0,0,I
BGEU,0000707f,00007063,B,BRANCH,GEU,1,1,0,0,0,0,0,I
LB,0000707f,00000003,I,LOAD,ADD,1,0,1,0,0,0,0,I
LH,0000707f,00001003,I,LOAD,ADD,1,0,1,1,0,0,0,I
LW,0000707f,00002003,I,LOAD,ADD,1,0,1,2,0,0,0,I
LBU,0000707f,00004003,I,LOAD,ADD,1,0,1,0,1,0,0,I
LHU,0000707f,00005003,I,LOAD,ADD,1,0,1,1,1,0,0,I
SB,0000707f,00000023,S,STORE,ADD,1,1,0,0,0,0,0,I
SH,0000707f,00001023,S,STORE,ADD,1,1,0,1,0,0,0,I
SW,0000707f,00002023,S,STORE,ADD,1,1,0,2,0,0,0,I
ADDI,0000707f,00000013,I,ALU,ADD,1,0,1,0,0,0,0,I
SLTI,0000707f,00002013,I,ALU,LT,1,0,1,0,0,0,0,I
SLTIU,0000707f,00003013,I,ALU,LTU,1,0,1,0,0,0,0,I
XORI,0000707f,00004013,I,ALU,XOR,1,0,1,0,0,0,0,I
ORI,0000707f,00006013,I,ALU,OR,1,0,1,0,0,0,0,I
ANDI,0000707f,00007013,I,ALU,AND,1,0,1,0,0,0,0,I
SLLI,fe00707f,00001013,SH,ALU,SLL,1,0,1,0,0,0,0,I
SRLI,fe00707f,00005013,SH,ALU,SRL,1,0,1,0,0,0,0,I
SRAI,fe00707f,40005013,SH,ALU,SRA,1,0,1,0,0,0,0,I
ADD,fe00707f,00000033,R,ALU,ADD,1,1,1,0,0,0,0,I
SUB,fe00707f,40000033,R,ALU,SUB,1,1,1,0,0,0,0,I
SLL,fe00707f,00001033,R,ALU,SLL,1,1,1,0,0,0,0,I
SLT,fe00707f,00002033,R,ALU,LT,1,1,1,0,0,0,0,I
SLTU,fe00707f,00003033,R,ALU,LTU,1,1,1,0,0,0,0,I
XOR,fe00707f,00004033,R,ALU,XOR,1,1,1,0,0,0,0,I
SRL,fe00707f,00005033,R,ALU,SRL,1,1,1,0,0,0,0,I
SRA,fe00707f,40005033,R,ALU,SRA,1,1,1,0,0,0,0,I
OR,fe00707f,00006033,R,ALU,OR,1,1,1,0,0,0,0,I
AND,fe00707f,00007033,R,ALU,AND,1,1,1,0,0,0,0,I
FENCE,0000707f,0000000f,N,FENCE,PASS,0,0,0,0,0,0,1,I
ECALL,ffffffff,00000073,N,SYSTEM,PASS,0,0,0,0,0,1,1,I
EBREAK,ffffffff,00100073,N,SYSTEM,PASS,0,0,0,0,0,2,1,I
MUL,fe00707f,02000033,R,MULDIV,MUL,1,1,1,0,0,0,0,M
MULH,fe00707f,02001033,R,MULDIV,MULH,1,1,1,0,0,0,0,M
MULHSU,fe00707f,02002033,R,MULDIV,MULHSU,1,1,1,0,0,0,0,M
MULHU,fe00707f,02003033,R,MULDIV,MULHU,1,1,1,0,0,0,0,M
DIV,fe00707f,02004033,R,MULDIV,DIV,1,1,1,0,0,0,0,M
DIVU,fe00707f,02005033,R,MULDIV,DIVU,1,1,1,0,0,0,0,M
REM,fe00707f,02006033,R,MULDIV,REM,1,1,1,0,0,0,0,M
REMU,fe00707f,02007033,R,MULDIV,REMU,1,1,1,0,0,0,0,M
